municipio,vacina,demanda
PortoVelho,BCG,6470
PortoVelho,HepatiteB,6470
PortoVelho,Pentavalente,6470
PortoVelho,VIP,6470
PortoVelho,VOP,6470
PortoVelho,FebreAmarela,6470
PortoVelho,TripliceViral,6470
RioBranco,BCG,4862
RioBranco,HepatiteB,4862
RioBranco,Pentavalente,4862
RioBranco,VIP,4862
RioBranco,VOP,4862
RioBranco,FebreAmarela,4862
RioBranco,TripliceViral,4862
Manaus,BCG,28796
Manaus,HepatiteB,28796
Manaus,Pentavalente,28796
Manaus,VIP,28796
Manaus,VOP,28796
Manaus,FebreAmarela,28796
Manaus,TripliceViral,28796
BoaVista,BCG,6068
BoaVista,HepatiteB,6068
BoaVista,Pentavalente,6068
BoaVista,VIP,6068
BoaVista,VOP,6068
BoaVista,FebreAmarela,6068
BoaVista,TripliceViral,6068
Belem,BCG,17466
Belem,HepatiteB,17466
Belem,Pentavalente,17466
Belem,VIP,17466
Belem,VOP,17466
Belem,FebreAmarela,17466
Belem,TripliceViral,17466
Macapa,BCG,6120
Macapa,HepatiteB,6120
Macapa,Pentavalente,6120
Macapa,VIP,6120
Macapa,VOP,6120
Macapa,FebreAmarela,6120
Macapa,TripliceViral,6120
Palmas,BCG,4106
Palmas,HepatiteB,4106
Palmas,Pentavalente,4106
Palmas,VIP,4106
Palmas,VOP,4106
Palmas,FebreAmarela,4106
Palmas,TripliceViral,4106
SaoLuis,BCG,13614
SaoLuis,HepatiteB,13614
SaoLuis,Pentavalente,13614
SaoLuis,VIP,13614
SaoLuis,VOP,13614
SaoLuis,FebreAmarela,13614
SaoLuis,TripliceViral,13614
Teresina,BCG,11320
Teresina,HepatiteB,11320
Teresina,Pentavalente,11320
Teresina,VIP,11320
Teresina,VOP,11320
Teresina,FebreAmarela,11320
Teresina,TripliceViral,11320
Fortaleza,BCG,32230
Fortaleza,HepatiteB,32230
Fortaleza,Pentavalente,32230
Fortaleza,VIP,32230
Fortaleza,VOP,32230
Fortaleza,FebreAmarela,32230
Fortaleza,TripliceViral,32230
Natal,BCG,9802
Natal,HepatiteB,9802
Natal,Pentavalente,9802
Natal,VIP,9802
Natal,VOP,9802
Natal,FebreAmarela,9802
Natal,TripliceViral,9802
JoaoPessoa,BCG,11220
JoaoPessoa,HepatiteB,11220
JoaoPessoa,Pentavalente,11220
JoaoPessoa,VIP,11220
JoaoPessoa,VOP,11220
JoaoPessoa,FebreAmarela,11220
JoaoPessoa,TripliceViral,11220
Recife,BCG,19854
Recife,HepatiteB,19854
Recife,Pentavalente,19854
Recife,VIP,19854
Recife,VOP,19854
Recife,FebreAmarela,19854
Recife,TripliceViral,19854
Maceio,BCG,12436
Maceio,HepatiteB,12436
Maceio,Pentavalente,12436
Maceio,VIP,12436
Maceio,VOP,12436
Maceio,FebreAmarela,12436
Maceio,TripliceViral,12436
Aracaju,BCG,7886
Aracaju,HepatiteB,7886
Aracaju,Pentavalente,7886
Aracaju,VIP,7886
Aracaju,VOP,7886
Aracaju,FebreAmarela,7886
Aracaju,TripliceViral,7886
Salvador,BCG,32052
Salvador,HepatiteB,32052
Salvador,Pentavalente,32052
Salvador,VIP,32052
Salvador,VOP,32052
Salvador,FebreAmarela,32052
Salvador,TripliceViral,32052
BeloHorizonte,BCG,30198
BeloHorizonte,HepatiteB,30198
BeloHorizonte,Pentavalente,30198
BeloHorizonte,VIP,30198
BeloHorizonte,VOP,30198
BeloHorizonte,FebreAmarela,30198
BeloHorizonte,TripliceViral,30198
Vitoria,BCG,4292
Vitoria,HepatiteB,4292
Vitoria,Pentavalente,4292
Vitoria,VIP,4292
Vitoria,VOP,4292
Vitoria,FebreAmarela,4292
Vitoria,TripliceViral,4292
RioDeJaneiro,BCG,84134
RioDeJaneiro,HepatiteB,84134
RioDeJaneiro,Pentavalente,84134
RioDeJaneiro,VIP,84134
RioDeJaneiro,VOP,84134
RioDeJaneiro,FebreAmarela,84134
RioDeJaneiro,TripliceViral,84134
SaoPaulo,BCG,148812
SaoPaulo,HepatiteB,148812
SaoPaulo,Pentavalente,148812
SaoPaulo,VIP,148812
SaoPaulo,VOP,148812
SaoPaulo,FebreAmarela,148812
SaoPaulo,TripliceViral,148812
Curitiba,BCG,22884
Curitiba,HepatiteB,22884
Curitiba,Pentavalente,22884
Curitiba,VIP,22884
Curitiba,VOP,22884
Curitiba,FebreAmarela,22884
Curitiba,TripliceViral,22884
Florianopolis,BCG,7342
Florianopolis,HepatiteB,7342
Florianopolis,Pentavalente,7342
Florianopolis,VIP,7342
Florianopolis,VOP,7342
Florianopolis,FebreAmarela,7342
Florianopolis,TripliceViral,7342
PortoAlegre,BCG,17358
PortoAlegre,HepatiteB,17358
PortoAlegre,Pentavalente,17358
PortoAlegre,VIP,17358
PortoAlegre,VOP,17358
PortoAlegre,FebreAmarela,17358
PortoAlegre,TripliceViral,17358
CampoGrande,BCG,12036
CampoGrande,HepatiteB,12036
CampoGrande,Pentavalente,12036
CampoGrande,VIP,12036
CampoGrande,VOP,12036
CampoGrande,FebreAmarela,12036
CampoGrande,TripliceViral,12036
Cuiaba,BCG,8648
Cuiaba,HepatiteB,8648
Cuiaba,Pentavalente,8648
Cuiaba,VIP,8648
Cuiaba,VOP,8648
Cuiaba,FebreAmarela,8648
Cuiaba,TripliceViral,8648
Goiania,BCG,18790
Goiania,HepatiteB,18790
Goiania,Pentavalente,18790
Goiania,VIP,18790
Goiania,VOP,18790
Goiania,FebreAmarela,18790
Goiania,TripliceViral,18790
Brasilia,BCG,37460
Brasilia,HepatiteB,37460
Brasilia,Pentavalente,37460
Brasilia,VIP,37460
Brasilia,VOP,37460
Brasilia,FebreAmarela,37460
Brasilia,TripliceViral,37460
