Modelo,Usa_Penalidade,ID_Fluxo,Rota,Tipo_Rota,Origem,Lat_O,Lon_O,Destino,Lat_D,Lon_D,Custo_Horas,Doses,Vacina,Modal
4,True,PortoVelho_Belem_AstraZeneca,PortoVelho -> Belem,ij,PortoVelho,-8.7494,-63.9106,Belem,-1.4554,-48.5051,5.068,756,AstraZeneca,aereo
4,True,RioBranco_PortoVelho_Janssen,RioBranco -> PortoVelho,ij,RioBranco,-9.9724,-67.8101,PortoVelho,-8.7494,-63.9106,2.729,342,Janssen,aereo
4,True,Manaus_Belem_AstraZeneca,Manaus -> Belem,ij,Manaus,-3.0922,-60.0604,Belem,-1.4554,-48.5051,4.107,679,AstraZeneca,aereo
4,True,Manaus_Fortaleza_Janssen,Manaus -> Fortaleza,ij,Manaus,-3.0922,-60.0604,Fortaleza,-3.7254,-38.5236,5.886,476,Janssen,aereo
4,True,Macapa_Belem_Pfizer,Macapa -> Belem,ij,Macapa,0.0407,-51.0574,Belem,-1.4554,-48.5051,2.535,2420,Pfizer,aereo
4,True,Palmas_SaoLuis_AstraZeneca,Palmas -> SaoLuis,ij,Palmas,-10.1845,-48.3337,SaoLuis,-2.5274,-44.3061,3.561,134,AstraZeneca,aereo
4,True,Palmas_Brasilia_AstraZeneca,Palmas -> Brasilia,ij,Palmas,-10.1845,-48.3337,Brasilia,-15.7975,-47.8919,3.017,1129,AstraZeneca,aereo
4,True,SaoLuis_Belem_CoronaVac,SaoLuis -> Belem,ij,SaoLuis,-2.5274,-44.3061,Belem,-1.4554,-48.5051,2.783,659,CoronaVac,aereo
4,True,Teresina_PortoVelho_CoronaVac,Teresina -> PortoVelho,ij,Teresina,-5.0911,-42.8116,PortoVelho,-8.7494,-63.9106,5.841,659,CoronaVac,aereo
4,True,Teresina_Manaus_CoronaVac,Teresina -> Manaus,ij,Teresina,-5.0911,-42.8116,Manaus,-3.0922,-60.0604,5.129,3895,CoronaVac,aereo
4,True,Teresina_BoaVista_CoronaVac,Teresina -> BoaVista,ij,Teresina,-5.0911,-42.8116,BoaVista,2.8212,-60.673,5.527,523,CoronaVac,aereo
4,True,Teresina_Belem_CoronaVac,Teresina -> Belem,ij,Teresina,-5.0911,-42.8116,Belem,-1.4554,-48.5051,3.219,1244,CoronaVac,aereo
4,True,Teresina_Macapa_CoronaVac,Teresina -> Macapa,ij,Teresina,-5.0911,-42.8116,Macapa,0.0407,-51.0574,3.753,435,CoronaVac,aereo
4,True,Teresina_SaoLuis_AstraZeneca,Teresina -> SaoLuis,ij,Teresina,-5.0911,-42.8116,SaoLuis,-2.5274,-44.3061,2.536,4598,AstraZeneca,aereo
4,True,Teresina_Fortaleza_Janssen,Teresina -> Fortaleza,ij,Teresina,-5.0911,-42.8116,Fortaleza,-3.7254,-38.5236,2.811,543,Janssen,aereo
4,True,Fortaleza_SaoLuis_Pfizer,Fortaleza -> SaoLuis,ij,Fortaleza,-3.7254,-38.5236,SaoLuis,-2.5274,-44.3061,3.065,1215,Pfizer,aereo
4,True,Fortaleza_Teresina_Pfizer,Fortaleza -> Teresina,ij,Fortaleza,-3.7254,-38.5236,Teresina,-5.0911,-42.8116,2.811,1122,Pfizer,aereo
4,True,Natal_Maceio_AstraZeneca,Natal -> Maceio,ij,Natal,-5.8301,-35.2128,Maceio,-9.6599,-35.7406,2.698,1550,AstraZeneca,aereo
4,True,JoaoPessoa_Maceio_AstraZeneca,JoaoPessoa -> Maceio,ij,JoaoPessoa,-7.1688,-34.8638,Maceio,-9.6599,-35.7406,2.477,2938,AstraZeneca,aereo
4,True,JoaoPessoa_Aracaju_AstraZeneca,JoaoPessoa -> Aracaju,ij,JoaoPessoa,-7.1688,-34.8638,Aracaju,-10.9444,-37.069,2.788,1907,AstraZeneca,aereo
4,True,Recife_Teresina_Pfizer,Recife -> Teresina,ij,Recife,-8.0632,-34.8711,Teresina,-5.0911,-42.8116,3.523,3163,Pfizer,aereo
4,True,Recife_Fortaleza_Janssen,Recife -> Fortaleza,ij,Recife,-8.0632,-34.8711,Fortaleza,-3.7254,-38.5236,3.022,30,Janssen,aereo
4,True,Recife_Natal_Pfizer,Recife -> Natal,ij,Recife,-8.0632,-34.8711,Natal,-5.8301,-35.2128,2.408,2954,Pfizer,aereo
4,True,Recife_Natal_CoronaVac,Recife -> Natal,ij,Recife,-8.0632,-34.8711,Natal,-5.8301,-35.2128,2.408,2489,CoronaVac,aereo
4,True,Recife_Natal_Janssen,Recife -> Natal,ij,Recife,-8.0632,-34.8711,Natal,-5.8301,-35.2128,2.408,544,Janssen,aereo
4,True,Recife_JoaoPessoa_CoronaVac,Recife -> JoaoPessoa,ij,Recife,-8.0632,-34.8711,JoaoPessoa,-7.1688,-34.8638,2.162,1389,CoronaVac,aereo
4,True,Recife_JoaoPessoa_Janssen,Recife -> JoaoPessoa,ij,Recife,-8.0632,-34.8711,JoaoPessoa,-7.1688,-34.8638,2.162,192,Janssen,aereo
4,True,Recife_Maceio_CoronaVac,Recife -> Maceio,ij,Recife,-8.0632,-34.8711,Maceio,-9.6599,-35.7406,2.328,413,CoronaVac,aereo
4,True,Recife_Maceio_Janssen,Recife -> Maceio,ij,Recife,-8.0632,-34.8711,Maceio,-9.6599,-35.7406,2.328,442,Janssen,aereo
4,True,Recife_Aracaju_Janssen,Recife -> Aracaju,ij,Recife,-8.0632,-34.8711,Aracaju,-10.9444,-37.069,2.651,40,Janssen,aereo
4,True,Recife_RioDeJaneiro_CoronaVac,Recife -> RioDeJaneiro,ij,Recife,-8.0632,-34.8711,RioDeJaneiro,-22.9068,-43.1729,5.044,1701,CoronaVac,aereo
4,True,Maceio_SaoLuis_Pfizer,Maceio -> SaoLuis,ij,Maceio,-9.6599,-35.7406,SaoLuis,-2.5274,-44.3061,4.007,5026,Pfizer,aereo
4,True,Salvador_BeloHorizonte_CoronaVac,Salvador -> BeloHorizonte,ij,Salvador,-12.9742,-38.5125,BeloHorizonte,-19.9237,-43.9363,3.568,1904,CoronaVac,aereo
4,True,Salvador_RioDeJaneiro_CoronaVac,Salvador -> RioDeJaneiro,ij,Salvador,-12.9742,-38.5125,RioDeJaneiro,-22.9068,-43.1729,3.965,1040,CoronaVac,aereo
4,True,BeloHorizonte_Salvador_Janssen,BeloHorizonte -> Salvador,ij,BeloHorizonte,-19.9237,-43.9363,Salvador,-12.9742,-38.5125,3.568,378,Janssen,aereo
4,True,BeloHorizonte_Brasilia_AstraZeneca,BeloHorizonte -> Brasilia,ij,BeloHorizonte,-19.9237,-43.9363,Brasilia,-15.7975,-47.8919,3.009,1158,AstraZeneca,aereo
4,True,Vitoria_RioDeJaneiro_CoronaVac,Vitoria -> RioDeJaneiro,ij,Vitoria,-20.3155,-40.3128,RioDeJaneiro,-22.9068,-43.1729,2.671,2718,CoronaVac,aereo
4,True,RioDeJaneiro_Salvador_AstraZeneca,RioDeJaneiro -> Salvador,ij,RioDeJaneiro,-22.9068,-43.1729,Salvador,-12.9742,-38.5125,3.965,5561,AstraZeneca,aereo
4,True,RioDeJaneiro_Salvador_Janssen,RioDeJaneiro -> Salvador,ij,RioDeJaneiro,-22.9068,-43.1729,Salvador,-12.9742,-38.5125,3.965,1401,Janssen,aereo
4,True,RioDeJaneiro_Vitoria_AstraZeneca,RioDeJaneiro -> Vitoria,ij,RioDeJaneiro,-22.9068,-43.1729,Vitoria,-20.3155,-40.3128,2.671,1182,AstraZeneca,aereo
4,True,RioDeJaneiro_Vitoria_Janssen,RioDeJaneiro -> Vitoria,ij,RioDeJaneiro,-22.9068,-43.1729,Vitoria,-20.3155,-40.3128,2.671,125,Janssen,aereo
4,True,RioDeJaneiro_SaoPaulo_Janssen,RioDeJaneiro -> SaoPaulo,ij,RioDeJaneiro,-22.9068,-43.1729,SaoPaulo,-23.5505,-46.6333,2.586,4663,Janssen,aereo
4,True,RioDeJaneiro_Curitiba_AstraZeneca,RioDeJaneiro -> Curitiba,ij,RioDeJaneiro,-22.9068,-43.1729,Curitiba,-25.429,-49.2671,3.103,8028,AstraZeneca,aereo
4,True,RioDeJaneiro_Curitiba_Janssen,RioDeJaneiro -> Curitiba,ij,RioDeJaneiro,-22.9068,-43.1729,Curitiba,-25.429,-49.2671,3.103,80,Janssen,aereo
4,True,RioDeJaneiro_Florianopolis_AstraZeneca,RioDeJaneiro -> Florianopolis,ij,RioDeJaneiro,-22.9068,-43.1729,Florianopolis,-27.5945,-48.5477,3.220,1207,AstraZeneca,aereo
4,True,RioDeJaneiro_PortoAlegre_AstraZeneca,RioDeJaneiro -> PortoAlegre,ij,RioDeJaneiro,-22.9068,-43.1729,PortoAlegre,-30.0346,-51.2177,3.830,826,AstraZeneca,aereo
4,True,RioDeJaneiro_CampoGrande_Janssen,RioDeJaneiro -> CampoGrande,ij,RioDeJaneiro,-22.9068,-43.1729,CampoGrande,-20.4697,-54.6201,3.971,223,Janssen,aereo
4,True,RioDeJaneiro_Goiania_AstraZeneca,RioDeJaneiro -> Goiania,ij,RioDeJaneiro,-22.9068,-43.1729,Goiania,-16.6869,-49.2648,3.528,4146,AstraZeneca,aereo
4,True,RioDeJaneiro_Brasilia_AstraZeneca,RioDeJaneiro -> Brasilia,ij,RioDeJaneiro,-22.9068,-43.1729,Brasilia,-15.7975,-47.8919,3.515,8854,AstraZeneca,aereo
4,True,SaoPaulo_Manaus_Pfizer,SaoPaulo -> Manaus,ij,SaoPaulo,-23.5505,-46.6333,Manaus,-3.0922,-60.0604,6.378,7325,Pfizer,aereo
4,True,SaoPaulo_BoaVista_Pfizer,SaoPaulo -> BoaVista,ij,SaoPaulo,-23.5505,-46.6333,BoaVista,2.8212,-60.673,7.368,913,Pfizer,aereo
4,True,SaoPaulo_Belem_Pfizer,SaoPaulo -> Belem,ij,SaoPaulo,-23.5505,-46.6333,Belem,-1.4554,-48.5051,6.006,1670,Pfizer,aereo
4,True,SaoPaulo_Palmas_Pfizer,SaoPaulo -> Palmas,ij,SaoPaulo,-23.5505,-46.6333,Palmas,-10.1845,-48.3337,4.433,16,Pfizer,aereo
4,True,SaoPaulo_Salvador_Pfizer,SaoPaulo -> Salvador,ij,SaoPaulo,-23.5505,-46.6333,Salvador,-12.9742,-38.5125,4.364,932,Pfizer,aereo
4,True,SaoPaulo_Vitoria_Pfizer,SaoPaulo -> Vitoria,ij,SaoPaulo,-23.5505,-46.6333,Vitoria,-20.3155,-40.3128,3.210,905,Pfizer,aereo
4,True,SaoPaulo_RioDeJaneiro_Pfizer,SaoPaulo -> RioDeJaneiro,ij,SaoPaulo,-23.5505,-46.6333,RioDeJaneiro,-22.9068,-43.1729,2.586,20191,Pfizer,aereo
4,True,SaoPaulo_Curitiba_Pfizer,SaoPaulo -> Curitiba,ij,SaoPaulo,-23.5505,-46.6333,Curitiba,-25.429,-49.2671,2.550,1331,Pfizer,aereo
4,True,SaoPaulo_Florianopolis_Pfizer,SaoPaulo -> Florianopolis,ij,SaoPaulo,-23.5505,-46.6333,Florianopolis,-27.5945,-48.5477,2.795,592,Pfizer,aereo
4,True,SaoPaulo_PortoAlegre_Pfizer,SaoPaulo -> PortoAlegre,ij,SaoPaulo,-23.5505,-46.6333,PortoAlegre,-30.0346,-51.2177,3.385,458,Pfizer,aereo
4,True,SaoPaulo_Brasilia_Pfizer,SaoPaulo -> Brasilia,ij,SaoPaulo,-23.5505,-46.6333,Brasilia,-15.7975,-47.8919,3.417,7703,Pfizer,aereo
4,True,Curitiba_SaoPaulo_CoronaVac,Curitiba -> SaoPaulo,ij,Curitiba,-25.429,-49.2671,SaoPaulo,-23.5505,-46.6333,2.550,1463,CoronaVac,aereo
4,True,Florianopolis_SaoPaulo_CoronaVac,Florianopolis -> SaoPaulo,ij,Florianopolis,-27.5945,-48.5477,SaoPaulo,-23.5505,-46.6333,2.795,4777,CoronaVac,aereo
4,True,Florianopolis_Curitiba_Janssen,Florianopolis -> Curitiba,ij,Florianopolis,-27.5945,-48.5477,Curitiba,-25.429,-49.2671,2.408,480,Janssen,aereo
4,True,Florianopolis_PortoAlegre_Janssen,Florianopolis -> PortoAlegre,ij,Florianopolis,-27.5945,-48.5477,PortoAlegre,-30.0346,-51.2177,2.611,459,Janssen,aereo
4,True,CampoGrande_RioBranco_CoronaVac,CampoGrande -> RioBranco,ij,CampoGrande,-20.4697,-54.6201,RioBranco,-9.9724,-67.8101,4.978,652,CoronaVac,aereo
4,True,CampoGrande_Manaus_Pfizer,CampoGrande -> Manaus,ij,CampoGrande,-20.4697,-54.6201,Manaus,-3.0922,-60.0604,5.283,4632,Pfizer,aereo
4,True,CampoGrande_SaoPaulo_CoronaVac,CampoGrande -> SaoPaulo,ij,CampoGrande,-20.4697,-54.6201,SaoPaulo,-23.5505,-46.6333,3.449,418,CoronaVac,aereo
4,True,CampoGrande_Cuiaba_CoronaVac,CampoGrande -> Cuiaba,ij,CampoGrande,-20.4697,-54.6201,Cuiaba,-15.601,-56.0974,2.916,237,CoronaVac,aereo
4,True,Cuiaba_PortoVelho_Pfizer,Cuiaba -> PortoVelho,ij,Cuiaba,-15.601,-56.0974,PortoVelho,-8.7494,-63.9106,3.853,1663,Pfizer,aereo
4,True,Cuiaba_Manaus_Pfizer,Cuiaba -> Manaus,ij,Cuiaba,-15.601,-56.0974,Manaus,-3.0922,-60.0604,4.368,1838,Pfizer,aereo
4,True,Goiania_Brasilia_Janssen,Goiania -> Brasilia,ij,Goiania,-16.6869,-49.2648,Brasilia,-15.7975,-47.8919,2.287,184,Janssen,aereo
4,True,PortoVelho_RO_Renato_Medeiros_Pfizer,PortoVelho -> RO_Renato_Medeiros,jp,PortoVelho,-8.7494,-63.9106,RO_Renato_Medeiros,-8.805342,-63.887928,0.645,3106,Pfizer,rodoviario
4,True,PortoVelho_RO_Renato_Medeiros_AstraZeneca,PortoVelho -> RO_Renato_Medeiros,jp,PortoVelho,-8.7494,-63.9106,RO_Renato_Medeiros,-8.805342,-63.887928,0.645,3106,AstraZeneca,rodoviario
4,True,PortoVelho_RO_Renato_Medeiros_CoronaVac,PortoVelho -> RO_Renato_Medeiros,jp,PortoVelho,-8.7494,-63.9106,RO_Renato_Medeiros,-8.805342,-63.887928,0.645,3106,CoronaVac,rodoviario
4,True,PortoVelho_RO_Renato_Medeiros_Janssen,PortoVelho -> RO_Renato_Medeiros,jp,PortoVelho,-8.7494,-63.9106,RO_Renato_Medeiros,-8.805342,-63.887928,0.645,517,Janssen,rodoviario
4,True,PortoVelho_RO_Mariana_Pfizer,PortoVelho -> RO_Mariana,jp,PortoVelho,-8.7494,-63.9106,RO_Mariana,-8.771103,-63.819078,0.724,3106,Pfizer,rodoviario
4,True,PortoVelho_RO_Mariana_AstraZeneca,PortoVelho -> RO_Mariana,jp,PortoVelho,-8.7494,-63.9106,RO_Mariana,-8.771103,-63.819078,0.724,3106,AstraZeneca,rodoviario
4,True,PortoVelho_RO_Mariana_CoronaVac,PortoVelho -> RO_Mariana,jp,PortoVelho,-8.7494,-63.9106,RO_Mariana,-8.771103,-63.819078,0.724,3106,CoronaVac,rodoviario
4,True,PortoVelho_RO_Mariana_Janssen,PortoVelho -> RO_Mariana,jp,PortoVelho,-8.7494,-63.9106,RO_Mariana,-8.771103,-63.819078,0.724,517,Janssen,rodoviario
4,True,RioBranco_AC_Deusimar_Pinheiro_Pfizer,RioBranco -> AC_Deusimar_Pinheiro,jp,RioBranco,-9.9724,-67.8101,AC_Deusimar_Pinheiro,-9.944584,-67.817296,0.569,2334,Pfizer,rodoviario
4,True,RioBranco_AC_Deusimar_Pinheiro_AstraZeneca,RioBranco -> AC_Deusimar_Pinheiro,jp,RioBranco,-9.9724,-67.8101,AC_Deusimar_Pinheiro,-9.944584,-67.817296,0.569,2334,AstraZeneca,rodoviario
4,True,RioBranco_AC_Deusimar_Pinheiro_CoronaVac,RioBranco -> AC_Deusimar_Pinheiro,jp,RioBranco,-9.9724,-67.8101,AC_Deusimar_Pinheiro,-9.944584,-67.817296,0.569,2334,CoronaVac,rodoviario
4,True,RioBranco_AC_Deusimar_Pinheiro_Janssen,RioBranco -> AC_Deusimar_Pinheiro,jp,RioBranco,-9.9724,-67.8101,AC_Deusimar_Pinheiro,-9.944584,-67.817296,0.569,389,Janssen,rodoviario
4,True,RioBranco_AC_Rozangela_Pimentel_Pfizer,RioBranco -> AC_Rozangela_Pimentel,jp,RioBranco,-9.9724,-67.8101,AC_Rozangela_Pimentel,-9.977029,-67.88469,0.677,2334,Pfizer,rodoviario
4,True,RioBranco_AC_Rozangela_Pimentel_AstraZeneca,RioBranco -> AC_Rozangela_Pimentel,jp,RioBranco,-9.9724,-67.8101,AC_Rozangela_Pimentel,-9.977029,-67.88469,0.677,2334,AstraZeneca,rodoviario
4,True,RioBranco_AC_Rozangela_Pimentel_CoronaVac,RioBranco -> AC_Rozangela_Pimentel,jp,RioBranco,-9.9724,-67.8101,AC_Rozangela_Pimentel,-9.977029,-67.88469,0.677,2334,CoronaVac,rodoviario
4,True,RioBranco_AC_Rozangela_Pimentel_Janssen,RioBranco -> AC_Rozangela_Pimentel,jp,RioBranco,-9.9724,-67.8101,AC_Rozangela_Pimentel,-9.977029,-67.88469,0.677,389,Janssen,rodoviario
4,True,Manaus_AM_Luiz_Montenegro_Pfizer,Manaus -> AM_Luiz_Montenegro,jp,Manaus,-3.0922,-60.0604,AM_Luiz_Montenegro,-3.112497,-60.021908,0.605,13822,Pfizer,rodoviario
4,True,Manaus_AM_Luiz_Montenegro_AstraZeneca,Manaus -> AM_Luiz_Montenegro,jp,Manaus,-3.0922,-60.0604,AM_Luiz_Montenegro,-3.112497,-60.021908,0.605,13822,AstraZeneca,rodoviario
4,True,Manaus_AM_Luiz_Montenegro_CoronaVac,Manaus -> AM_Luiz_Montenegro,jp,Manaus,-3.0922,-60.0604,AM_Luiz_Montenegro,-3.112497,-60.021908,0.605,13822,CoronaVac,rodoviario
4,True,Manaus_AM_Luiz_Montenegro_Janssen,Manaus -> AM_Luiz_Montenegro,jp,Manaus,-3.0922,-60.0604,AM_Luiz_Montenegro,-3.112497,-60.021908,0.605,2303,Janssen,rodoviario
4,True,Manaus_AM_Silas_Santos_Pfizer,Manaus -> AM_Silas_Santos,jp,Manaus,-3.0922,-60.0604,AM_Silas_Santos,-3.075122,-59.931769,0.812,13822,Pfizer,rodoviario
4,True,Manaus_AM_Silas_Santos_AstraZeneca,Manaus -> AM_Silas_Santos,jp,Manaus,-3.0922,-60.0604,AM_Silas_Santos,-3.075122,-59.931769,0.812,13822,AstraZeneca,rodoviario
4,True,Manaus_AM_Silas_Santos_CoronaVac,Manaus -> AM_Silas_Santos,jp,Manaus,-3.0922,-60.0604,AM_Silas_Santos,-3.075122,-59.931769,0.812,13822,CoronaVac,rodoviario
4,True,Manaus_AM_Silas_Santos_Janssen,Manaus -> AM_Silas_Santos,jp,Manaus,-3.0922,-60.0604,AM_Silas_Santos,-3.075122,-59.931769,0.812,2303,Janssen,rodoviario
4,True,BoaVista_RR_Sao_Vicente_Pfizer,BoaVista -> RR_Sao_Vicente,jp,BoaVista,2.8212,-60.673,RR_Sao_Vicente,2.809521,-60.679099,0.532,2912,Pfizer,rodoviario
4,True,BoaVista_RR_Sao_Vicente_AstraZeneca,BoaVista -> RR_Sao_Vicente,jp,BoaVista,2.8212,-60.673,RR_Sao_Vicente,2.809521,-60.679099,0.532,2912,AstraZeneca,rodoviario
4,True,BoaVista_RR_Sao_Vicente_CoronaVac,BoaVista -> RR_Sao_Vicente,jp,BoaVista,2.8212,-60.673,RR_Sao_Vicente,2.809521,-60.679099,0.532,2912,CoronaVac,rodoviario
4,True,BoaVista_RR_Sao_Vicente_Janssen,BoaVista -> RR_Sao_Vicente,jp,BoaVista,2.8212,-60.673,RR_Sao_Vicente,2.809521,-60.679099,0.532,485,Janssen,rodoviario
4,True,BoaVista_RR_CMI_Pfizer,BoaVista -> RR_CMI,jp,BoaVista,2.8212,-60.673,RR_CMI,2.830223,-60.704874,0.580,2912,Pfizer,rodoviario
4,True,BoaVista_RR_CMI_AstraZeneca,BoaVista -> RR_CMI,jp,BoaVista,2.8212,-60.673,RR_CMI,2.830223,-60.704874,0.580,2912,AstraZeneca,rodoviario
4,True,BoaVista_RR_CMI_CoronaVac,BoaVista -> RR_CMI,jp,BoaVista,2.8212,-60.673,RR_CMI,2.830223,-60.704874,0.580,2912,CoronaVac,rodoviario
4,True,BoaVista_RR_CMI_Janssen,BoaVista -> RR_CMI,jp,BoaVista,2.8212,-60.673,RR_CMI,2.830223,-60.704874,0.580,485,Janssen,rodoviario
4,True,Belem_PA_Guama_Pfizer,Belem -> PA_Guama,jp,Belem,-1.4554,-48.5051,PA_Guama,-1.467314,-48.464076,0.603,8383,Pfizer,rodoviario
4,True,Belem_PA_Guama_AstraZeneca,Belem -> PA_Guama,jp,Belem,-1.4554,-48.5051,PA_Guama,-1.467314,-48.464076,0.603,8383,AstraZeneca,rodoviario
4,True,Belem_PA_Guama_CoronaVac,Belem -> PA_Guama,jp,Belem,-1.4554,-48.5051,PA_Guama,-1.467314,-48.464076,0.603,8383,CoronaVac,rodoviario
4,True,Belem_PA_Guama_Janssen,Belem -> PA_Guama,jp,Belem,-1.4554,-48.5051,PA_Guama,-1.467314,-48.464076,0.603,1397,Janssen,rodoviario
4,True,Belem_PA_Cremacao_Pfizer,Belem -> PA_Cremacao,jp,Belem,-1.4554,-48.5051,PA_Cremacao,-1.459466,-48.478454,0.565,8383,Pfizer,rodoviario
4,True,Belem_PA_Cremacao_AstraZeneca,Belem -> PA_Cremacao,jp,Belem,-1.4554,-48.5051,PA_Cremacao,-1.459466,-48.478454,0.565,8383,AstraZeneca,rodoviario
4,True,Belem_PA_Cremacao_CoronaVac,Belem -> PA_Cremacao,jp,Belem,-1.4554,-48.5051,PA_Cremacao,-1.459466,-48.478454,0.565,8383,CoronaVac,rodoviario
4,True,Belem_PA_Cremacao_Janssen,Belem -> PA_Cremacao,jp,Belem,-1.4554,-48.5051,PA_Cremacao,-1.459466,-48.478454,0.565,1397,Janssen,rodoviario
4,True,Macapa_AP_Macelo_Candia_Pfizer,Macapa -> AP_Macelo_Candia,jp,Macapa,0.0407,-51.0574,AP_Macelo_Candia,0.092922,-51.065756,0.627,2938,Pfizer,rodoviario
4,True,Macapa_AP_Macelo_Candia_AstraZeneca,Macapa -> AP_Macelo_Candia,jp,Macapa,0.0407,-51.0574,AP_Macelo_Candia,0.092922,-51.065756,0.627,2938,AstraZeneca,rodoviario
4,True,Macapa_AP_Macelo_Candia_CoronaVac,Macapa -> AP_Macelo_Candia,jp,Macapa,0.0407,-51.0574,AP_Macelo_Candia,0.092922,-51.065756,0.627,2938,CoronaVac,rodoviario
4,True,Macapa_AP_Macelo_Candia_Janssen,Macapa -> AP_Macelo_Candia,jp,Macapa,0.0407,-51.0574,AP_Macelo_Candia,0.092922,-51.065756,0.627,489,Janssen,rodoviario
4,True,Macapa_AP_Leozildo_Barreto_Pfizer,Macapa -> AP_Leozildo_Barreto,jp,Macapa,0.0407,-51.0574,AP_Leozildo_Barreto,0.001521,-51.087738,0.619,2938,Pfizer,rodoviario
4,True,Macapa_AP_Leozildo_Barreto_AstraZeneca,Macapa -> AP_Leozildo_Barreto,jp,Macapa,0.0407,-51.0574,AP_Leozildo_Barreto,0.001521,-51.087738,0.619,2938,AstraZeneca,rodoviario
4,True,Macapa_AP_Leozildo_Barreto_CoronaVac,Macapa -> AP_Leozildo_Barreto,jp,Macapa,0.0407,-51.0574,AP_Leozildo_Barreto,0.001521,-51.087738,0.619,2938,CoronaVac,rodoviario
4,True,Macapa_AP_Leozildo_Barreto_Janssen,Macapa -> AP_Leozildo_Barreto,jp,Macapa,0.0407,-51.0574,AP_Leozildo_Barreto,0.001521,-51.087738,0.619,489,Janssen,rodoviario
4,True,Palmas_TO_1304_Sul_Pfizer,Palmas -> TO_1304_Sul,jp,Palmas,-10.1845,-48.3337,TO_1304_Sul,-10.264686,-48.325011,0.694,1970,Pfizer,rodoviario
4,True,Palmas_TO_1304_Sul_AstraZeneca,Palmas -> TO_1304_Sul,jp,Palmas,-10.1845,-48.3337,TO_1304_Sul,-10.264686,-48.325011,0.694,1970,AstraZeneca,rodoviario
4,True,Palmas_TO_1304_Sul_CoronaVac,Palmas -> TO_1304_Sul,jp,Palmas,-10.1845,-48.3337,TO_1304_Sul,-10.264686,-48.325011,0.694,1970,CoronaVac,rodoviario
4,True,Palmas_TO_1304_Sul_Janssen,Palmas -> TO_1304_Sul,jp,Palmas,-10.1845,-48.3337,TO_1304_Sul,-10.264686,-48.325011,0.694,328,Janssen,rodoviario
4,True,Palmas_TO_1103Sul_Pfizer,Palmas -> TO_1103Sul,jp,Palmas,-10.1845,-48.3337,TO_1103Sul,-10.25151,-48.337281,0.662,1970,Pfizer,rodoviario
4,True,Palmas_TO_1103Sul_AstraZeneca,Palmas -> TO_1103Sul,jp,Palmas,-10.1845,-48.3337,TO_1103Sul,-10.25151,-48.337281,0.662,1970,AstraZeneca,rodoviario
4,True,Palmas_TO_1103Sul_CoronaVac,Palmas -> TO_1103Sul,jp,Palmas,-10.1845,-48.3337,TO_1103Sul,-10.25151,-48.337281,0.662,1970,CoronaVac,rodoviario
4,True,Palmas_TO_1103Sul_Janssen,Palmas -> TO_1103Sul,jp,Palmas,-10.1845,-48.3337,TO_1103Sul,-10.25151,-48.337281,0.662,328,Janssen,rodoviario
4,True,SaoLuis_MA_Jose_Carlos_Pfizer,SaoLuis -> MA_Jose_Carlos,jp,SaoLuis,-2.5274,-44.3061,MA_Jose_Carlos,-2.55774,-44.261282,0.630,6535,Pfizer,rodoviario
4,True,SaoLuis_MA_Jose_Carlos_AstraZeneca,SaoLuis -> MA_Jose_Carlos,jp,SaoLuis,-2.5274,-44.3061,MA_Jose_Carlos,-2.55774,-44.261282,0.630,6535,AstraZeneca,rodoviario
4,True,SaoLuis_MA_Jose_Carlos_CoronaVac,SaoLuis -> MA_Jose_Carlos,jp,SaoLuis,-2.5274,-44.3061,MA_Jose_Carlos,-2.55774,-44.261282,0.630,6535,CoronaVac,rodoviario
4,True,SaoLuis_MA_Jose_Carlos_Janssen,SaoLuis -> MA_Jose_Carlos,jp,SaoLuis,-2.5274,-44.3061,MA_Jose_Carlos,-2.55774,-44.261282,0.630,1089,Janssen,rodoviario
4,True,SaoLuis_MA_Santa_Efigenia_Pfizer,SaoLuis -> MA_Santa_Efigenia,jp,SaoLuis,-2.5274,-44.3061,MA_Santa_Efigenia,-2.576601,-44.190877,0.802,6535,Pfizer,rodoviario
4,True,SaoLuis_MA_Santa_Efigenia_AstraZeneca,SaoLuis -> MA_Santa_Efigenia,jp,SaoLuis,-2.5274,-44.3061,MA_Santa_Efigenia,-2.576601,-44.190877,0.802,6535,AstraZeneca,rodoviario
4,True,SaoLuis_MA_Santa_Efigenia_CoronaVac,SaoLuis -> MA_Santa_Efigenia,jp,SaoLuis,-2.5274,-44.3061,MA_Santa_Efigenia,-2.576601,-44.190877,0.802,6535,CoronaVac,rodoviario
4,True,SaoLuis_MA_Santa_Efigenia_Janssen,SaoLuis -> MA_Santa_Efigenia,jp,SaoLuis,-2.5274,-44.3061,MA_Santa_Efigenia,-2.576601,-44.190877,0.802,1089,Janssen,rodoviario
4,True,Teresina_PI_Cristo_Rei_Pfizer,Teresina -> PI_Cristo_Rei,jp,Teresina,-5.0911,-42.8116,PI_Cristo_Rei,-5.099928,-42.785312,0.567,5434,Pfizer,rodoviario
4,True,Teresina_PI_Cristo_Rei_AstraZeneca,Teresina -> PI_Cristo_Rei,jp,Teresina,-5.0911,-42.8116,PI_Cristo_Rei,-5.099928,-42.785312,0.567,5434,AstraZeneca,rodoviario
4,True,Teresina_PI_Cristo_Rei_CoronaVac,Teresina -> PI_Cristo_Rei,jp,Teresina,-5.0911,-42.8116,PI_Cristo_Rei,-5.099928,-42.785312,0.567,5434,CoronaVac,rodoviario
4,True,Teresina_PI_Cristo_Rei_Janssen,Teresina -> PI_Cristo_Rei,jp,Teresina,-5.0911,-42.8116,PI_Cristo_Rei,-5.099928,-42.785312,0.567,905,Janssen,rodoviario
4,True,Teresina_PI_Santa_Isabel_Pfizer,Teresina -> PI_Santa_Isabel,jp,Teresina,-5.0911,-42.8116,PI_Santa_Isabel,-5.071084,-42.758797,0.636,5434,Pfizer,rodoviario
4,True,Teresina_PI_Santa_Isabel_AstraZeneca,Teresina -> PI_Santa_Isabel,jp,Teresina,-5.0911,-42.8116,PI_Santa_Isabel,-5.071084,-42.758797,0.636,5434,AstraZeneca,rodoviario
4,True,Teresina_PI_Santa_Isabel_CoronaVac,Teresina -> PI_Santa_Isabel,jp,Teresina,-5.0911,-42.8116,PI_Santa_Isabel,-5.071084,-42.758797,0.636,5434,CoronaVac,rodoviario
4,True,Teresina_PI_Santa_Isabel_Janssen,Teresina -> PI_Santa_Isabel,jp,Teresina,-5.0911,-42.8116,PI_Santa_Isabel,-5.071084,-42.758797,0.636,905,Janssen,rodoviario
4,True,Fortaleza_CE_Flavio_Marcilio_Pfizer,Fortaleza -> CE_Flavio_Marcilio,jp,Fortaleza,-3.7254,-38.5236,CE_Flavio_Marcilio,-3.723271,-38.480563,0.604,15470,Pfizer,rodoviario
4,True,Fortaleza_CE_Flavio_Marcilio_AstraZeneca,Fortaleza -> CE_Flavio_Marcilio,jp,Fortaleza,-3.7254,-38.5236,CE_Flavio_Marcilio,-3.723271,-38.480563,0.604,15470,AstraZeneca,rodoviario
4,True,Fortaleza_CE_Flavio_Marcilio_CoronaVac,Fortaleza -> CE_Flavio_Marcilio,jp,Fortaleza,-3.7254,-38.5236,CE_Flavio_Marcilio,-3.723271,-38.480563,0.604,15470,CoronaVac,rodoviario
4,True,Fortaleza_CE_Flavio_Marcilio_Janssen,Fortaleza -> CE_Flavio_Marcilio,jp,Fortaleza,-3.7254,-38.5236,CE_Flavio_Marcilio,-3.723271,-38.480563,0.604,2578,Janssen,rodoviario
4,True,Fortaleza_CE_Antônio_de_Almeida_Pfizer,Fortaleza -> CE_Antônio_de_Almeida,jp,Fortaleza,-3.7254,-38.5236,CE_Antônio_de_Almeida,-3.78488,-38.62729,0.788,15470,Pfizer,rodoviario
4,True,Fortaleza_CE_Antônio_de_Almeida_AstraZeneca,Fortaleza -> CE_Antônio_de_Almeida,jp,Fortaleza,-3.7254,-38.5236,CE_Antônio_de_Almeida,-3.78488,-38.62729,0.788,15470,AstraZeneca,rodoviario
4,True,Fortaleza_CE_Antônio_de_Almeida_CoronaVac,Fortaleza -> CE_Antônio_de_Almeida,jp,Fortaleza,-3.7254,-38.5236,CE_Antônio_de_Almeida,-3.78488,-38.62729,0.788,15470,CoronaVac,rodoviario
4,True,Fortaleza_CE_Antônio_de_Almeida_Janssen,Fortaleza -> CE_Antônio_de_Almeida,jp,Fortaleza,-3.7254,-38.5236,CE_Antônio_de_Almeida,-3.78488,-38.62729,0.788,2578,Janssen,rodoviario
4,True,Natal_RN_Nova_Natal_Pfizer,Natal -> RN_Nova_Natal,jp,Natal,-5.8301,-35.2128,RN_Nova_Natal,-5.730425,-35.260471,0.766,4705,Pfizer,rodoviario
4,True,Natal_RN_Nova_Natal_AstraZeneca,Natal -> RN_Nova_Natal,jp,Natal,-5.8301,-35.2128,RN_Nova_Natal,-5.730425,-35.260471,0.766,4705,AstraZeneca,rodoviario
4,True,Natal_RN_Nova_Natal_CoronaVac,Natal -> RN_Nova_Natal,jp,Natal,-5.8301,-35.2128,RN_Nova_Natal,-5.730425,-35.260471,0.766,4705,CoronaVac,rodoviario
4,True,Natal_RN_Nova_Natal_Janssen,Natal -> RN_Nova_Natal,jp,Natal,-5.8301,-35.2128,RN_Nova_Natal,-5.730425,-35.260471,0.766,784,Janssen,rodoviario
4,True,Natal_RN_Vale_Dourado_Pfizer,Natal -> RN_Vale_Dourado,jp,Natal,-5.8301,-35.2128,RN_Vale_Dourado,-5.76223,-35.271179,0.715,4705,Pfizer,rodoviario
4,True,Natal_RN_Vale_Dourado_AstraZeneca,Natal -> RN_Vale_Dourado,jp,Natal,-5.8301,-35.2128,RN_Vale_Dourado,-5.76223,-35.271179,0.715,4705,AstraZeneca,rodoviario
4,True,Natal_RN_Vale_Dourado_CoronaVac,Natal -> RN_Vale_Dourado,jp,Natal,-5.8301,-35.2128,RN_Vale_Dourado,-5.76223,-35.271179,0.715,4705,CoronaVac,rodoviario
4,True,Natal_RN_Vale_Dourado_Janssen,Natal -> RN_Vale_Dourado,jp,Natal,-5.8301,-35.2128,RN_Vale_Dourado,-5.76223,-35.271179,0.715,784,Janssen,rodoviario
4,True,JoaoPessoa_PB_Bessa_Pfizer,JoaoPessoa -> PB_Bessa,jp,JoaoPessoa,-7.1688,-34.8638,PB_Bessa,-7.07174,-34.842501,0.739,5385,Pfizer,rodoviario
4,True,JoaoPessoa_PB_Bessa_AstraZeneca,JoaoPessoa -> PB_Bessa,jp,JoaoPessoa,-7.1688,-34.8638,PB_Bessa,-7.07174,-34.842501,0.739,5385,AstraZeneca,rodoviario
4,True,JoaoPessoa_PB_Bessa_CoronaVac,JoaoPessoa -> PB_Bessa,jp,JoaoPessoa,-7.1688,-34.8638,PB_Bessa,-7.07174,-34.842501,0.739,5385,CoronaVac,rodoviario
4,True,JoaoPessoa_PB_Bessa_Janssen,JoaoPessoa -> PB_Bessa,jp,JoaoPessoa,-7.1688,-34.8638,PB_Bessa,-7.07174,-34.842501,0.739,897,Janssen,rodoviario
4,True,JoaoPessoa_PB_CMI_Pfizer,JoaoPessoa -> PB_CMI,jp,JoaoPessoa,-7.1688,-34.8638,PB_CMI,-7.180888,-34.908695,0.611,5385,Pfizer,rodoviario
4,True,JoaoPessoa_PB_CMI_AstraZeneca,JoaoPessoa -> PB_CMI,jp,JoaoPessoa,-7.1688,-34.8638,PB_CMI,-7.180888,-34.908695,0.611,5385,AstraZeneca,rodoviario
4,True,JoaoPessoa_PB_CMI_CoronaVac,JoaoPessoa -> PB_CMI,jp,JoaoPessoa,-7.1688,-34.8638,PB_CMI,-7.180888,-34.908695,0.611,5385,CoronaVac,rodoviario
4,True,JoaoPessoa_PB_CMI_Janssen,JoaoPessoa -> PB_CMI,jp,JoaoPessoa,-7.1688,-34.8638,PB_CMI,-7.180888,-34.908695,0.611,897,Janssen,rodoviario
4,True,Recife_PE_Fernanda_Wanderley_Pfizer,Recife -> PE_Fernanda_Wanderley,jp,Recife,-8.0632,-34.8711,PE_Fernanda_Wanderley,-8.005408,-34.899892,0.655,9530,Pfizer,rodoviario
4,True,Recife_PE_Fernanda_Wanderley_AstraZeneca,Recife -> PE_Fernanda_Wanderley,jp,Recife,-8.0632,-34.8711,PE_Fernanda_Wanderley,-8.005408,-34.899892,0.655,9530,AstraZeneca,rodoviario
4,True,Recife_PE_Fernanda_Wanderley_CoronaVac,Recife -> PE_Fernanda_Wanderley,jp,Recife,-8.0632,-34.8711,PE_Fernanda_Wanderley,-8.005408,-34.899892,0.655,9530,CoronaVac,rodoviario
4,True,Recife_PE_Fernanda_Wanderley_Janssen,Recife -> PE_Fernanda_Wanderley,jp,Recife,-8.0632,-34.8711,PE_Fernanda_Wanderley,-8.005408,-34.899892,0.655,1588,Janssen,rodoviario
4,True,Recife_PE_Dom_Miguel_Pfizer,Recife -> PE_Dom_Miguel,jp,Recife,-8.0632,-34.8711,PE_Dom_Miguel,-8.133468,-34.904793,0.687,9530,Pfizer,rodoviario
4,True,Recife_PE_Dom_Miguel_AstraZeneca,Recife -> PE_Dom_Miguel,jp,Recife,-8.0632,-34.8711,PE_Dom_Miguel,-8.133468,-34.904793,0.687,9530,AstraZeneca,rodoviario
4,True,Recife_PE_Dom_Miguel_CoronaVac,Recife -> PE_Dom_Miguel,jp,Recife,-8.0632,-34.8711,PE_Dom_Miguel,-8.133468,-34.904793,0.687,9530,CoronaVac,rodoviario
4,True,Recife_PE_Dom_Miguel_Janssen,Recife -> PE_Dom_Miguel,jp,Recife,-8.0632,-34.8711,PE_Dom_Miguel,-8.133468,-34.904793,0.687,1588,Janssen,rodoviario
4,True,Maceio_AL_Joao_Sampaio_Pfizer,Maceio -> AL_Joao_Sampaio,jp,Maceio,-9.6599,-35.7406,AL_Joao_Sampaio,-9.604519,-35.75967,0.641,5969,Pfizer,rodoviario
4,True,Maceio_AL_Joao_Sampaio_AstraZeneca,Maceio -> AL_Joao_Sampaio,jp,Maceio,-9.6599,-35.7406,AL_Joao_Sampaio,-9.604519,-35.75967,0.641,5969,AstraZeneca,rodoviario
4,True,Maceio_AL_Joao_Sampaio_CoronaVac,Maceio -> AL_Joao_Sampaio,jp,Maceio,-9.6599,-35.7406,AL_Joao_Sampaio,-9.604519,-35.75967,0.641,5969,CoronaVac,rodoviario
4,True,Maceio_AL_Joao_Sampaio_Janssen,Maceio -> AL_Joao_Sampaio,jp,Maceio,-9.6599,-35.7406,AL_Joao_Sampaio,-9.604519,-35.75967,0.641,994,Janssen,rodoviario
4,True,Maceio_AL_Osvaldo_Brandao_Pfizer,Maceio -> AL_Osvaldo_Brandao,jp,Maceio,-9.6599,-35.7406,AL_Osvaldo_Brandao,-9.662314,-35.716793,0.557,5969,Pfizer,rodoviario
4,True,Maceio_AL_Osvaldo_Brandao_AstraZeneca,Maceio -> AL_Osvaldo_Brandao,jp,Maceio,-9.6599,-35.7406,AL_Osvaldo_Brandao,-9.662314,-35.716793,0.557,5969,AstraZeneca,rodoviario
4,True,Maceio_AL_Osvaldo_Brandao_CoronaVac,Maceio -> AL_Osvaldo_Brandao,jp,Maceio,-9.6599,-35.7406,AL_Osvaldo_Brandao,-9.662314,-35.716793,0.557,5969,CoronaVac,rodoviario
4,True,Maceio_AL_Osvaldo_Brandao_Janssen,Maceio -> AL_Osvaldo_Brandao,jp,Maceio,-9.6599,-35.7406,AL_Osvaldo_Brandao,-9.662314,-35.716793,0.557,994,Janssen,rodoviario
4,True,Aracaju_SE_Fernando_Sampaio_Pfizer,Aracaju -> SE_Fernando_Sampaio,jp,Aracaju,-10.9444,-37.069,SE_Fernando_Sampaio,-10.93213,-37.079091,0.538,3785,Pfizer,rodoviario
4,True,Aracaju_SE_Fernando_Sampaio_AstraZeneca,Aracaju -> SE_Fernando_Sampaio,jp,Aracaju,-10.9444,-37.069,SE_Fernando_Sampaio,-10.93213,-37.079091,0.538,3785,AstraZeneca,rodoviario
4,True,Aracaju_SE_Fernando_Sampaio_CoronaVac,Aracaju -> SE_Fernando_Sampaio,jp,Aracaju,-10.9444,-37.069,SE_Fernando_Sampaio,-10.93213,-37.079091,0.538,3785,CoronaVac,rodoviario
4,True,Aracaju_SE_Fernando_Sampaio_Janssen,Aracaju -> SE_Fernando_Sampaio,jp,Aracaju,-10.9444,-37.069,SE_Fernando_Sampaio,-10.93213,-37.079091,0.538,630,Janssen,rodoviario
4,True,Aracaju_SE_Francisco_Fonseca_Pfizer,Aracaju -> SE_Francisco_Fonseca,jp,Aracaju,-10.9444,-37.069,SE_Francisco_Fonseca,-10.895341,-37.062276,0.619,3785,Pfizer,rodoviario
4,True,Aracaju_SE_Francisco_Fonseca_AstraZeneca,Aracaju -> SE_Francisco_Fonseca,jp,Aracaju,-10.9444,-37.069,SE_Francisco_Fonseca,-10.895341,-37.062276,0.619,3785,AstraZeneca,rodoviario
4,True,Aracaju_SE_Francisco_Fonseca_CoronaVac,Aracaju -> SE_Francisco_Fonseca,jp,Aracaju,-10.9444,-37.069,SE_Francisco_Fonseca,-10.895341,-37.062276,0.619,3785,CoronaVac,rodoviario
4,True,Aracaju_SE_Francisco_Fonseca_Janssen,Aracaju -> SE_Francisco_Fonseca,jp,Aracaju,-10.9444,-37.069,SE_Francisco_Fonseca,-10.895341,-37.062276,0.619,630,Janssen,rodoviario
4,True,Salvador_BA_Virgilio_de_Carvalho_Pfizer,Salvador -> BA_Virgilio_de_Carvalho,jp,Salvador,-12.9742,-38.5125,BA_Virgilio_de_Carvalho,-12.928872,-38.506598,0.610,15385,Pfizer,rodoviario
4,True,Salvador_BA_Virgilio_de_Carvalho_AstraZeneca,Salvador -> BA_Virgilio_de_Carvalho,jp,Salvador,-12.9742,-38.5125,BA_Virgilio_de_Carvalho,-12.928872,-38.506598,0.610,15385,AstraZeneca,rodoviario
4,True,Salvador_BA_Virgilio_de_Carvalho_CoronaVac,Salvador -> BA_Virgilio_de_Carvalho,jp,Salvador,-12.9742,-38.5125,BA_Virgilio_de_Carvalho,-12.928872,-38.506598,0.610,15385,CoronaVac,rodoviario
4,True,Salvador_BA_Virgilio_de_Carvalho_Janssen,Salvador -> BA_Virgilio_de_Carvalho,jp,Salvador,-12.9742,-38.5125,BA_Virgilio_de_Carvalho,-12.928872,-38.506598,0.610,2564,Janssen,rodoviario
4,True,Salvador_BA_Santo_Antonio_Pfizer,Salvador -> BA_Santo_Antonio,jp,Salvador,-12.9742,-38.5125,BA_Santo_Antonio,-12.967127,-38.505204,0.524,15385,Pfizer,rodoviario
4,True,Salvador_BA_Santo_Antonio_AstraZeneca,Salvador -> BA_Santo_Antonio,jp,Salvador,-12.9742,-38.5125,BA_Santo_Antonio,-12.967127,-38.505204,0.524,15385,AstraZeneca,rodoviario
4,True,Salvador_BA_Santo_Antonio_CoronaVac,Salvador -> BA_Santo_Antonio,jp,Salvador,-12.9742,-38.5125,BA_Santo_Antonio,-12.967127,-38.505204,0.524,15385,CoronaVac,rodoviario
4,True,Salvador_BA_Santo_Antonio_Janssen,Salvador -> BA_Santo_Antonio,jp,Salvador,-12.9742,-38.5125,BA_Santo_Antonio,-12.967127,-38.505204,0.524,2564,Janssen,rodoviario
4,True,BeloHorizonte_MG_Saude_Paraiso_Pfizer,BeloHorizonte -> MG_Saude_Paraiso,jp,BeloHorizonte,-19.9237,-43.9363,MG_Saude_Paraiso,-19.924465,-43.908402,0.563,14495,Pfizer,rodoviario
4,True,BeloHorizonte_MG_Saude_Paraiso_AstraZeneca,BeloHorizonte -> MG_Saude_Paraiso,jp,BeloHorizonte,-19.9237,-43.9363,MG_Saude_Paraiso,-19.924465,-43.908402,0.563,14495,AstraZeneca,rodoviario
4,True,BeloHorizonte_MG_Saude_Paraiso_CoronaVac,BeloHorizonte -> MG_Saude_Paraiso,jp,BeloHorizonte,-19.9237,-43.9363,MG_Saude_Paraiso,-19.924465,-43.908402,0.563,14495,CoronaVac,rodoviario
4,True,BeloHorizonte_MG_Saude_Paraiso_Janssen,BeloHorizonte -> MG_Saude_Paraiso,jp,BeloHorizonte,-19.9237,-43.9363,MG_Saude_Paraiso,-19.924465,-43.908402,0.563,2415,Janssen,rodoviario
4,True,BeloHorizonte_MG_Campo_Alegre_Pfizer,BeloHorizonte -> MG_Campo_Alegre,jp,BeloHorizonte,-19.9237,-43.9363,MG_Campo_Alegre,-19.829892,-43.949163,0.728,14495,Pfizer,rodoviario
4,True,BeloHorizonte_MG_Campo_Alegre_AstraZeneca,BeloHorizonte -> MG_Campo_Alegre,jp,BeloHorizonte,-19.9237,-43.9363,MG_Campo_Alegre,-19.829892,-43.949163,0.728,14495,AstraZeneca,rodoviario
4,True,BeloHorizonte_MG_Campo_Alegre_CoronaVac,BeloHorizonte -> MG_Campo_Alegre,jp,BeloHorizonte,-19.9237,-43.9363,MG_Campo_Alegre,-19.829892,-43.949163,0.728,14495,CoronaVac,rodoviario
4,True,BeloHorizonte_MG_Campo_Alegre_Janssen,BeloHorizonte -> MG_Campo_Alegre,jp,BeloHorizonte,-19.9237,-43.9363,MG_Campo_Alegre,-19.829892,-43.949163,0.728,2415,Janssen,rodoviario
4,True,Vitoria_ES_Grande_Vitória_Pfizer,Vitoria -> ES_Grande_Vitória,jp,Vitoria,-20.3155,-40.3128,ES_Grande_Vitória,-20.29026,-40.343994,0.593,2060,Pfizer,rodoviario
4,True,Vitoria_ES_Grande_Vitória_AstraZeneca,Vitoria -> ES_Grande_Vitória,jp,Vitoria,-20.3155,-40.3128,ES_Grande_Vitória,-20.29026,-40.343994,0.593,2060,AstraZeneca,rodoviario
4,True,Vitoria_ES_Grande_Vitória_CoronaVac,Vitoria -> ES_Grande_Vitória,jp,Vitoria,-20.3155,-40.3128,ES_Grande_Vitória,-20.29026,-40.343994,0.593,2060,CoronaVac,rodoviario
4,True,Vitoria_ES_Grande_Vitória_Janssen,Vitoria -> ES_Grande_Vitória,jp,Vitoria,-20.3155,-40.3128,ES_Grande_Vitória,-20.29026,-40.343994,0.593,343,Janssen,rodoviario
4,True,Vitoria_ES_Maria_Ortiz_Pfizer,Vitoria -> ES_Maria_Ortiz,jp,Vitoria,-20.3155,-40.3128,ES_Maria_Ortiz,-20.257259,-40.298198,0.644,2060,Pfizer,rodoviario
4,True,Vitoria_ES_Maria_Ortiz_AstraZeneca,Vitoria -> ES_Maria_Ortiz,jp,Vitoria,-20.3155,-40.3128,ES_Maria_Ortiz,-20.257259,-40.298198,0.644,2060,AstraZeneca,rodoviario
4,True,Vitoria_ES_Maria_Ortiz_CoronaVac,Vitoria -> ES_Maria_Ortiz,jp,Vitoria,-20.3155,-40.3128,ES_Maria_Ortiz,-20.257259,-40.298198,0.644,2060,CoronaVac,rodoviario
4,True,Vitoria_ES_Maria_Ortiz_Janssen,Vitoria -> ES_Maria_Ortiz,jp,Vitoria,-20.3155,-40.3128,ES_Maria_Ortiz,-20.257259,-40.298198,0.644,343,Janssen,rodoviario
4,True,RioDeJaneiro_RJ_Heitor_Beltrao_Pfizer,RioDeJaneiro -> RJ_Heitor_Beltrao,jp,RioDeJaneiro,-22.9068,-43.1729,RJ_Heitor_Beltrao,-22.929797,-43.23413,0.647,40384,Pfizer,rodoviario
4,True,RioDeJaneiro_RJ_Heitor_Beltrao_AstraZeneca,RioDeJaneiro -> RJ_Heitor_Beltrao,jp,RioDeJaneiro,-22.9068,-43.1729,RJ_Heitor_Beltrao,-22.929797,-43.23413,0.647,40384,AstraZeneca,rodoviario
4,True,RioDeJaneiro_RJ_Heitor_Beltrao_CoronaVac,RioDeJaneiro -> RJ_Heitor_Beltrao,jp,RioDeJaneiro,-22.9068,-43.1729,RJ_Heitor_Beltrao,-22.929797,-43.23413,0.647,40384,CoronaVac,rodoviario
4,True,RioDeJaneiro_RJ_Heitor_Beltrao_Janssen,RioDeJaneiro -> RJ_Heitor_Beltrao,jp,RioDeJaneiro,-22.9068,-43.1729,RJ_Heitor_Beltrao,-22.929797,-43.23413,0.647,6730,Janssen,rodoviario
4,True,RioDeJaneiro_RJ_Ernani_Agricola_Pfizer,RioDeJaneiro -> RJ_Ernani_Agricola,jp,RioDeJaneiro,-22.9068,-43.1729,RJ_Ernani_Agricola,-22.921225,-43.189333,0.550,40384,Pfizer,rodoviario
4,True,RioDeJaneiro_RJ_Ernani_Agricola_AstraZeneca,RioDeJaneiro -> RJ_Ernani_Agricola,jp,RioDeJaneiro,-22.9068,-43.1729,RJ_Ernani_Agricola,-22.921225,-43.189333,0.550,40384,AstraZeneca,rodoviario
4,True,RioDeJaneiro_RJ_Ernani_Agricola_CoronaVac,RioDeJaneiro -> RJ_Ernani_Agricola,jp,RioDeJaneiro,-22.9068,-43.1729,RJ_Ernani_Agricola,-22.921225,-43.189333,0.550,40384,CoronaVac,rodoviario
4,True,RioDeJaneiro_RJ_Ernani_Agricola_Janssen,RioDeJaneiro -> RJ_Ernani_Agricola,jp,RioDeJaneiro,-22.9068,-43.1729,RJ_Ernani_Agricola,-22.921225,-43.189333,0.550,6730,Janssen,rodoviario
4,True,SaoPaulo_SP_Mar_Paulista_Pfizer,SaoPaulo -> SP_Mar_Paulista,jp,SaoPaulo,-23.5505,-46.6333,SP_Mar_Paulista,-23.696513,-46.662926,0.858,71429,Pfizer,rodoviario
4,True,SaoPaulo_SP_Mar_Paulista_AstraZeneca,SaoPaulo -> SP_Mar_Paulista,jp,SaoPaulo,-23.5505,-46.6333,SP_Mar_Paulista,-23.696513,-46.662926,0.858,71429,AstraZeneca,rodoviario
4,True,SaoPaulo_SP_Mar_Paulista_CoronaVac,SaoPaulo -> SP_Mar_Paulista,jp,SaoPaulo,-23.5505,-46.6333,SP_Mar_Paulista,-23.696513,-46.662926,0.858,71429,CoronaVac,rodoviario
4,True,SaoPaulo_SP_Mar_Paulista_Janssen,SaoPaulo -> SP_Mar_Paulista,jp,SaoPaulo,-23.5505,-46.6333,SP_Mar_Paulista,-23.696513,-46.662926,0.858,11904,Janssen,rodoviario
4,True,SaoPaulo_SP_Mooca_I_Pfizer,SaoPaulo -> SP_Mooca_I,jp,SaoPaulo,-23.5505,-46.6333,SP_Mooca_I,-23.531893,-46.652155,0.561,71429,Pfizer,rodoviario
4,True,SaoPaulo_SP_Mooca_I_AstraZeneca,SaoPaulo -> SP_Mooca_I,jp,SaoPaulo,-23.5505,-46.6333,SP_Mooca_I,-23.531893,-46.652155,0.561,71429,AstraZeneca,rodoviario
4,True,SaoPaulo_SP_Mooca_I_CoronaVac,SaoPaulo -> SP_Mooca_I,jp,SaoPaulo,-23.5505,-46.6333,SP_Mooca_I,-23.531893,-46.652155,0.561,71429,CoronaVac,rodoviario
4,True,SaoPaulo_SP_Mooca_I_Janssen,SaoPaulo -> SP_Mooca_I,jp,SaoPaulo,-23.5505,-46.6333,SP_Mooca_I,-23.531893,-46.652155,0.561,11904,Janssen,rodoviario
4,True,Curitiba_PR_Bacacheri_Pfizer,Curitiba -> PR_Bacacheri,jp,Curitiba,-25.429,-49.2671,PR_Bacacheri,-25.400985,-49.239392,0.591,10984,Pfizer,rodoviario
4,True,Curitiba_PR_Bacacheri_AstraZeneca,Curitiba -> PR_Bacacheri,jp,Curitiba,-25.429,-49.2671,PR_Bacacheri,-25.400985,-49.239392,0.591,10984,AstraZeneca,rodoviario
4,True,Curitiba_PR_Bacacheri_CoronaVac,Curitiba -> PR_Bacacheri,jp,Curitiba,-25.429,-49.2671,PR_Bacacheri,-25.400985,-49.239392,0.591,10984,CoronaVac,rodoviario
4,True,Curitiba_PR_Bacacheri_Janssen,Curitiba -> PR_Bacacheri,jp,Curitiba,-25.429,-49.2671,PR_Bacacheri,-25.400985,-49.239392,0.591,1830,Janssen,rodoviario
4,True,Curitiba_PR_Bairro_Alto_Pfizer,Curitiba -> PR_Bairro_Alto,jp,Curitiba,-25.429,-49.2671,PR_Bairro_Alto,-25.413751,-49.205434,0.639,10984,Pfizer,rodoviario
4,True,Curitiba_PR_Bairro_Alto_AstraZeneca,Curitiba -> PR_Bairro_Alto,jp,Curitiba,-25.429,-49.2671,PR_Bairro_Alto,-25.413751,-49.205434,0.639,10984,AstraZeneca,rodoviario
4,True,Curitiba_PR_Bairro_Alto_CoronaVac,Curitiba -> PR_Bairro_Alto,jp,Curitiba,-25.429,-49.2671,PR_Bairro_Alto,-25.413751,-49.205434,0.639,10984,CoronaVac,rodoviario
4,True,Curitiba_PR_Bairro_Alto_Janssen,Curitiba -> PR_Bairro_Alto,jp,Curitiba,-25.429,-49.2671,PR_Bairro_Alto,-25.413751,-49.205434,0.639,1830,Janssen,rodoviario
4,True,Florianopolis_SC_Jurere_Pfizer,Florianopolis -> SC_Jurere,jp,Florianopolis,-27.5945,-48.5477,SC_Jurere,-27.44234,-48.483522,0.891,3524,Pfizer,rodoviario
4,True,Florianopolis_SC_Jurere_AstraZeneca,Florianopolis -> SC_Jurere,jp,Florianopolis,-27.5945,-48.5477,SC_Jurere,-27.44234,-48.483522,0.891,3524,AstraZeneca,rodoviario
4,True,Florianopolis_SC_Jurere_CoronaVac,Florianopolis -> SC_Jurere,jp,Florianopolis,-27.5945,-48.5477,SC_Jurere,-27.44234,-48.483522,0.891,3524,CoronaVac,rodoviario
4,True,Florianopolis_SC_Jurere_Janssen,Florianopolis -> SC_Jurere,jp,Florianopolis,-27.5945,-48.5477,SC_Jurere,-27.44234,-48.483522,0.891,587,Janssen,rodoviario
4,True,Florianopolis_SC_Joao_Paulo_Pfizer,Florianopolis -> SC_Joao_Paulo,jp,Florianopolis,-27.5945,-48.5477,SC_Joao_Paulo,-27.561864,-48.513478,0.607,3524,Pfizer,rodoviario
4,True,Florianopolis_SC_Joao_Paulo_AstraZeneca,Florianopolis -> SC_Joao_Paulo,jp,Florianopolis,-27.5945,-48.5477,SC_Joao_Paulo,-27.561864,-48.513478,0.607,3524,AstraZeneca,rodoviario
4,True,Florianopolis_SC_Joao_Paulo_CoronaVac,Florianopolis -> SC_Joao_Paulo,jp,Florianopolis,-27.5945,-48.5477,SC_Joao_Paulo,-27.561864,-48.513478,0.607,3524,CoronaVac,rodoviario
4,True,Florianopolis_SC_Joao_Paulo_Janssen,Florianopolis -> SC_Joao_Paulo,jp,Florianopolis,-27.5945,-48.5477,SC_Joao_Paulo,-27.561864,-48.513478,0.607,587,Janssen,rodoviario
4,True,PortoAlegre_RS_Bananeiras_Pfizer,PortoAlegre -> RS_Bananeiras,jp,PortoAlegre,-30.0346,-51.2177,RS_Bananeiras,-30.065578,-51.186596,0.599,8332,Pfizer,rodoviario
4,True,PortoAlegre_RS_Bananeiras_AstraZeneca,PortoAlegre -> RS_Bananeiras,jp,PortoAlegre,-30.0346,-51.2177,RS_Bananeiras,-30.065578,-51.186596,0.599,8332,AstraZeneca,rodoviario
4,True,PortoAlegre_RS_Bananeiras_CoronaVac,PortoAlegre -> RS_Bananeiras,jp,PortoAlegre,-30.0346,-51.2177,RS_Bananeiras,-30.065578,-51.186596,0.599,8332,CoronaVac,rodoviario
4,True,PortoAlegre_RS_Bananeiras_Janssen,PortoAlegre -> RS_Bananeiras,jp,PortoAlegre,-30.0346,-51.2177,RS_Bananeiras,-30.065578,-51.186596,0.599,1388,Janssen,rodoviario
4,True,PortoAlegre_RS_Farrapos_Pfizer,PortoAlegre -> RS_Farrapos,jp,PortoAlegre,-30.0346,-51.2177,RS_Farrapos,-29.979534,-51.194622,0.641,8332,Pfizer,rodoviario
4,True,PortoAlegre_RS_Farrapos_AstraZeneca,PortoAlegre -> RS_Farrapos,jp,PortoAlegre,-30.0346,-51.2177,RS_Farrapos,-29.979534,-51.194622,0.641,8332,AstraZeneca,rodoviario
4,True,PortoAlegre_RS_Farrapos_CoronaVac,PortoAlegre -> RS_Farrapos,jp,PortoAlegre,-30.0346,-51.2177,RS_Farrapos,-29.979534,-51.194622,0.641,8332,CoronaVac,rodoviario
4,True,PortoAlegre_RS_Farrapos_Janssen,PortoAlegre -> RS_Farrapos,jp,PortoAlegre,-30.0346,-51.2177,RS_Farrapos,-29.979534,-51.194622,0.641,1388,Janssen,rodoviario
4,True,CampoGrande_MS_Pastor_Eliseu_Pfizer,CampoGrande -> MS_Pastor_Eliseu,jp,CampoGrande,-20.4697,-54.6201,MS_Pastor_Eliseu,-20.49697,-54.676859,0.644,5777,Pfizer,rodoviario
4,True,CampoGrande_MS_Pastor_Eliseu_AstraZeneca,CampoGrande -> MS_Pastor_Eliseu,jp,CampoGrande,-20.4697,-54.6201,MS_Pastor_Eliseu,-20.49697,-54.676859,0.644,5777,AstraZeneca,rodoviario
4,True,CampoGrande_MS_Pastor_Eliseu_CoronaVac,CampoGrande -> MS_Pastor_Eliseu,jp,CampoGrande,-20.4697,-54.6201,MS_Pastor_Eliseu,-20.49697,-54.676859,0.644,5777,CoronaVac,rodoviario
4,True,CampoGrande_MS_Pastor_Eliseu_Janssen,CampoGrande -> MS_Pastor_Eliseu,jp,CampoGrande,-20.4697,-54.6201,MS_Pastor_Eliseu,-20.49697,-54.676859,0.644,962,Janssen,rodoviario
4,True,CampoGrande_MS_Jardim_Noroeste_Pfizer,CampoGrande -> MS_Jardim_Noroeste,jp,CampoGrande,-20.4697,-54.6201,MS_Jardim_Noroeste,-20.459447,-54.530486,0.704,5777,Pfizer,rodoviario
4,True,CampoGrande_MS_Jardim_Noroeste_AstraZeneca,CampoGrande -> MS_Jardim_Noroeste,jp,CampoGrande,-20.4697,-54.6201,MS_Jardim_Noroeste,-20.459447,-54.530486,0.704,5777,AstraZeneca,rodoviario
4,True,CampoGrande_MS_Jardim_Noroeste_CoronaVac,CampoGrande -> MS_Jardim_Noroeste,jp,CampoGrande,-20.4697,-54.6201,MS_Jardim_Noroeste,-20.459447,-54.530486,0.704,5777,CoronaVac,rodoviario
4,True,CampoGrande_MS_Jardim_Noroeste_Janssen,CampoGrande -> MS_Jardim_Noroeste,jp,CampoGrande,-20.4697,-54.6201,MS_Jardim_Noroeste,-20.459447,-54.530486,0.704,962,Janssen,rodoviario
4,True,Cuiaba_MT_Dom_Aquino_Pfizer,Cuiaba -> MT_Dom_Aquino,jp,Cuiaba,-15.601,-56.0974,MT_Dom_Aquino,-15.608418,-56.093542,0.520,4151,Pfizer,rodoviario
4,True,Cuiaba_MT_Dom_Aquino_AstraZeneca,Cuiaba -> MT_Dom_Aquino,jp,Cuiaba,-15.601,-56.0974,MT_Dom_Aquino,-15.608418,-56.093542,0.520,4151,AstraZeneca,rodoviario
4,True,Cuiaba_MT_Dom_Aquino_CoronaVac,Cuiaba -> MT_Dom_Aquino,jp,Cuiaba,-15.601,-56.0974,MT_Dom_Aquino,-15.608418,-56.093542,0.520,4151,CoronaVac,rodoviario
4,True,Cuiaba_MT_Dom_Aquino_Janssen,Cuiaba -> MT_Dom_Aquino,jp,Cuiaba,-15.601,-56.0974,MT_Dom_Aquino,-15.608418,-56.093542,0.520,691,Janssen,rodoviario
4,True,Cuiaba_MT_PEDREGAL_II_Pfizer,Cuiaba -> MT_PEDREGAL_II,jp,Cuiaba,-15.601,-56.0974,MT_PEDREGAL_II,-15.599292,-56.067546,0.569,4151,Pfizer,rodoviario
4,True,Cuiaba_MT_PEDREGAL_II_AstraZeneca,Cuiaba -> MT_PEDREGAL_II,jp,Cuiaba,-15.601,-56.0974,MT_PEDREGAL_II,-15.599292,-56.067546,0.569,4151,AstraZeneca,rodoviario
4,True,Cuiaba_MT_PEDREGAL_II_CoronaVac,Cuiaba -> MT_PEDREGAL_II,jp,Cuiaba,-15.601,-56.0974,MT_PEDREGAL_II,-15.599292,-56.067546,0.569,4151,CoronaVac,rodoviario
4,True,Cuiaba_MT_PEDREGAL_II_Janssen,Cuiaba -> MT_PEDREGAL_II,jp,Cuiaba,-15.601,-56.0974,MT_PEDREGAL_II,-15.599292,-56.067546,0.569,691,Janssen,rodoviario
4,True,Goiania_GO_Fama_Pfizer,Goiania -> GO_Fama,jp,Goiania,-16.6869,-49.2648,GO_Fama,-16.661101,-49.27341,0.565,9019,Pfizer,rodoviario
4,True,Goiania_GO_Fama_AstraZeneca,Goiania -> GO_Fama,jp,Goiania,-16.6869,-49.2648,GO_Fama,-16.661101,-49.27341,0.565,9019,AstraZeneca,rodoviario
4,True,Goiania_GO_Fama_CoronaVac,Goiania -> GO_Fama,jp,Goiania,-16.6869,-49.2648,GO_Fama,-16.661101,-49.27341,0.565,9019,CoronaVac,rodoviario
4,True,Goiania_GO_Fama_Janssen,Goiania -> GO_Fama,jp,Goiania,-16.6869,-49.2648,GO_Fama,-16.661101,-49.27341,0.565,1503,Janssen,rodoviario
4,True,Goiania_GO_Jose_do_Egito_Pfizer,Goiania -> GO_Jose_do_Egito,jp,Goiania,-16.6869,-49.2648,GO_Jose_do_Egito,-16.710104,-49.303497,0.605,9019,Pfizer,rodoviario
4,True,Goiania_GO_Jose_do_Egito_AstraZeneca,Goiania -> GO_Jose_do_Egito,jp,Goiania,-16.6869,-49.2648,GO_Jose_do_Egito,-16.710104,-49.303497,0.605,9019,AstraZeneca,rodoviario
4,True,Goiania_GO_Jose_do_Egito_CoronaVac,Goiania -> GO_Jose_do_Egito,jp,Goiania,-16.6869,-49.2648,GO_Jose_do_Egito,-16.710104,-49.303497,0.605,9019,CoronaVac,rodoviario
4,True,Goiania_GO_Jose_do_Egito_Janssen,Goiania -> GO_Jose_do_Egito,jp,Goiania,-16.6869,-49.2648,GO_Jose_do_Egito,-16.710104,-49.303497,0.605,1503,Janssen,rodoviario
4,True,Brasilia_DF_Num_9_Pfizer,Brasilia -> DF_Num_9,jp,Brasilia,-15.7975,-47.8919,DF_Num_9,-15.800825,-47.941979,0.616,17981,Pfizer,rodoviario
4,True,Brasilia_DF_Num_9_AstraZeneca,Brasilia -> DF_Num_9,jp,Brasilia,-15.7975,-47.8919,DF_Num_9,-15.800825,-47.941979,0.616,17981,AstraZeneca,rodoviario
4,True,Brasilia_DF_Num_9_CoronaVac,Brasilia -> DF_Num_9,jp,Brasilia,-15.7975,-47.8919,DF_Num_9,-15.800825,-47.941979,0.616,17981,CoronaVac,rodoviario
4,True,Brasilia_DF_Num_9_Janssen,Brasilia -> DF_Num_9,jp,Brasilia,-15.7975,-47.8919,DF_Num_9,-15.800825,-47.941979,0.616,2996,Janssen,rodoviario
4,True,Brasilia_DF_Num_13_Pfizer,Brasilia -> DF_Num_13,jp,Brasilia,-15.7975,-47.8919,DF_Num_13,-15.743075,-47.89192,0.631,17981,Pfizer,rodoviario
4,True,Brasilia_DF_Num_13_AstraZeneca,Brasilia -> DF_Num_13,jp,Brasilia,-15.7975,-47.8919,DF_Num_13,-15.743075,-47.89192,0.631,17981,AstraZeneca,rodoviario
4,True,Brasilia_DF_Num_13_CoronaVac,Brasilia -> DF_Num_13,jp,Brasilia,-15.7975,-47.8919,DF_Num_13,-15.743075,-47.89192,0.631,17981,CoronaVac,rodoviario
4,True,Brasilia_DF_Num_13_Janssen,Brasilia -> DF_Num_13,jp,Brasilia,-15.7975,-47.8919,DF_Num_13,-15.743075,-47.89192,0.631,2996,Janssen,rodoviario
